Workbook

Sheet スピーキング進捗
A1: 番号 | B1: 1回目 提出日 | C1: 再提出日 | D1: タスク種別 | E1: 試験形式 | F1: トピック | G1: 意識した点 | H1: 前回からの改善点 | I1: 振り返り | J1: 繰り返しミス | K1: 次回の課題 | L1: 自己評価 (1-5) | M1: Fluency (1-9) | N1: Vocabulary (1-9) | O1: Grammar (1-9) | P1: Pronunciation (1-9) | Q1: 録音リンク | R1: FBリンク | S1: 復習予定日 (自動) | T1: 復習済み
A2: 1 | S2: =IF(B2<>"",B2+14,"")
A3: 2 | S3: =IF(B3<>"",B3+14,"")
A4: 3 | S4: =IF(B4<>"",B4+14,"")
A5: 4 | S5: =IF(B5<>"",B5+14,"")
A6: 5 | S6: =IF(B6<>"",B6+14,"")
A7: 6 | S7: =IF(B7<>"",B7+14,"")
A8: 7 | S8: =IF(B8<>"",B8+14,"")
A9: 8 | S9: =IF(B9<>"",B9+14,"")
A10: 9 | S10: =IF(B10<>"",B10+14,"")
A11: 10 | S11: =IF(B11<>"",B11+14,"")
A12: 11 | S12: =IF(B12<>"",B12+14,"")
A13: 12 | S13: =IF(B13<>"",B13+14,"")
... A31: 30 | S31: =IF(B31<>"",B31+14,"")

Sheet サマリー
A1: スピーキング スコア サマリー
A3: ■ 評価基準別 平均スコア（最新10回）
A4: 評価基準 | B4: 全体平均 | C4: 最新5回平均 | D4: 最高 | E4: 最低 | F4: 前回 | G4: 目標 | H4: 達成状況
A5: Fluency | B5: =IFERROR(AVERAGEIF(スピーキング進捗!L2:L31,"<>"，スピーキング進捗!L2:L31),"-") | C5: - | D5: =IFERROR(MAX(スピーキング進捗!L2:L31),"-") | E5: =IFERROR(MIN(IF(スピーキング進捗!L2:L31<>"",スピーキング進捗!L2:L31)),"-") | F5: - | G5: 7 | H5: 記録中
A6: Vocabulary | B6: =IFERROR(AVERAGEIF(スピーキング進捗!M2:M31,"<>"，スピーキング進捗!M2:M31),"-") | C6: - | D6: =IFERROR(MAX(スピーキング進捗!M2:M31),"-") | E6: =IFERROR(MIN(IF(スピーキング進捗!M2:M31<>"",スピーキング進捗!M2:M31)),"-") | F6: - | G6: 7 | H6: 記録中
A7: Grammar | B7: =IFERROR(AVERAGEIF(スピーキング進捗!N2:N31,"<>"，スピーキング進捗!N2:N31),"-") | C7: - | D7: =IFERROR(MAX(スピーキング進捗!N2:N31),"-") | E7: =IFERROR(MIN(IF(スピーキング進捗!N2:N31<>"",スピーキング進捗!N2:N31)),"-") | F7: - | G7: 7 | H7: 記録中
A8: Pronunciation | B8: =IFERROR(AVERAGEIF(スピーキング進捗!O2:O31,"<>"，スピーキング進捗!O2:O31),"-") | C8: - | D8: =IFERROR(MAX(スピーキング進捗!O2:O31),"-") | E8: =IFERROR(MIN(IF(スピーキング進捗!O2:O31<>"",スピーキング進捗!O2:O31)),"-") | F8: - | G8: 7 | H8: 記録中
A10: ■ 学習サマリー
A11: 総提出回数 | B11: =COUNTA(スピーキング進捗!B2:B31)
A12: Part 1 回数 | B12: =COUNTIF(スピーキング進捗!C2:C31,"Part 1")
A13: Part 2 回数 | B13: =COUNTIF(スピーキング進捗!C2:C31,"Part 2")
A14: Part 3 回数 | B14: =COUNTIF(スピーキング進捗!C2:C31,"Part 3")
A15: 復習済み数 | B15: =COUNTIF(スピーキング進捗!S2:S31,"✓")
A16: 復習率 | B16: =IFERROR(COUNTIF(スピーキング進捗!S2:S31,"✓")/COUNTA(スピーキング進捗!B2:B31),0)

Sheet ミスパターン
A1: 繰り返しミス トラッカー
A2: ミスの種類 | B2: カテゴリ | C2: 初出回数 | D2: 最終出現回数 | E2: 出現回数 | F2: 解決済み
A29: ■ カテゴリ別 ミス数
A30: 文法 | B30: 語彙 | C30: 発音 | D30: 流れ・構成 | E30: フィラー | F30: その他
A31: =COUNTIF(B3:B27,"文法") | B31: =COUNTIF(B3:B27,"語彙") | C31: =COUNTIF(B3:B27,"発音") | D31: =COUNTIF(B3:B27,"流れ・構成") | E31: =COUNTIF(B3:B27,"フィラー") | F31: =COUNTIF(B3:B27,"その他")

Sheet 月別振り返り
A1: 月別 スピーキング振り返り
A2: 年月 | B2: 提出回数 | C2: 平均自己評価 | D2: Fluency平均 | E2: Vocab平均 | F2: Grammar平均 | G2: Pronunciation平均 | H2: 今月の成長 | I2: 来月の目標 | J2: メモ

Sheet 記入ガイド
A1: 📋 記入ガイド
A2: 項目 | B2: シート | C2: 記入内容 | D2: 例・注意
A3: 番号 | B3: スピーキング進捗 | C3: 自動入力済み（変更不要） | D3: 1, 2, 3…
A4: 提出日 | B4: スピーキング進捗 | C4: 課題を提出した日付 | D4: 2025/06/05
A5: 再提出日 | B5: スピーキング進捗 | C5: コーチングFB後に再提出した日付 | D5: 2025/06/12
A6: タスク種別 | B6: スピーキング進捗 | C6: ドロップダウンから選択 | D6: Part 1 / Part 2 / Part 3
A7: 試験形式 | B7: スピーキング進捗 | C7: ドロップダウンから選択 | D7: 練習 / 模擬試験 / コーチング
A8: トピック | B8: スピーキング進捗 | C8: 練習した質問・テーマ | D8: Describe a place you like to visit
A9: 意識した点 | B9: スピーキング進捗 | C9: その回で取り組んだこと | D9: Fluencyを意識してフィラーを減らす
A10: 前回からの改善点 | B10: スピーキング進捗 | C10: 前回FBを受けて変えたこと | D10: 前回指摘された接続詞を意識した
A11: 振り返り | B11: スピーキング進捗 | C11: 提出後の自己評価・気づき | D11: アイデアは出たが文法ミスが多かった
A12: 繰り返しミス | B12: スピーキング進捗 | C12: また出たミスをメモ（ミスパターンシートと連動） | D12: 三単現のs忘れ / フィラーが多い
A13: 次回の課題 | B13: スピーキング進捗 | C13: 次回に持ち越す意識ポイント | D13: 具体例を2つ以上出す練習をする
... A23: 来月の目標 | B23: 月別振り返り | C23: 翌月に向けた具体的な目標 | D23: Vocabularyを6.5以上にする
