Workbook

Sheet 00_ロードマップ
A1: 90日間YouTubeチャレンジ ロードマップ
A2: 12週間・3フェーズ。基準ペースは週1本（普段のペースに合わせて調整）。各週の「使うシート」を開いて進める。
A3: 凡例：黄色セル＝あなたが記入する欄 ／ 灰色の斜体行＝記入例（上書き・削除OK） ／ 白セル＝自動計算
A5: 週 | B5: フェーズ | C5: テーマ | D5: やること（ゴール） | E5: 完了の目安 | F5: 使うシート | G5: 予定開始日 | H5: 完了✔
A6: W1 | B6: 1 土台作り | C6: 決意表明 | D6: 目標を書き出し、公開宣言する（コミュニティ投稿・ショート・X・Instagram・Discord等。視聴者がいなければ紙＋友人/家族） | E6: 宣言を投稿した | F6: 01_決意表明 | G6: =IF($C$20="","",$C$20+0)
A7: W2 | B7: 1 土台作り | C7: 審美眼を広げる | D7: クリエイター目線で30本以上研究。ニッチ外・多フォーマットも見る。スワイプファイル作成開始 | E7: 30本分析・スワイプファイルができた | F7: 02_スワイプファイル | G7: =IF($C$20="","",$C$20+7)
A8: W3 | B8: 1 土台作り | C8: 動画レシピ開発 | D8: 5要素（ターゲット/価値/フォーマット/雰囲気/差別化）でテスト用レシピを1〜3個書く | E8: レシピ1〜3個 | F8: 03_動画レシピ | G8: =IF($C$20="","",$C$20+14)
A9: W4 | B9: 1 土台作り | C9: アイデア創出 | D9: 3基準（検証可能性/再生ポテンシャル/実現可能性）を満たすアイデアを8本出す | E9: 8本決定 | F9: 04_アイデア8本 | G9: =IF($C$20="","",$C$20+21)
A10: W5 | B10: 2 スプリント | C10: 2回目の公開宣言＋制作開始 | D10: スプリント宣言。投稿頻度を2倍に。各動画で4ステップ（学習目標→制作→振り返り→共有） | E10: 動画1〜2本公開 | F10: 05_スプリント管理 / 06_制作シート | G10: =IF($C$20="","",$C$20+28)
A11: W6 | B11: 2 スプリント | C11: スプリント継続 | D11: とにかく完成させて公開。投稿ごとに20〜30分の振り返り | E11: 累計4本 | F11: 05〜07 | G11: =IF($C$20="","",$C$20+35)
A12: W7 | B12: 2 スプリント | C12: スプリント継続 | D12: 3本目あたりで失速しやすい。想定内と割り切る | E12: 累計6本 | F12: 05〜07 | G12: =IF($C$20="","",$C$20+42)
A13: W8 | B13: 2 スプリント | C13: スプリント継続 | D13: 振り返りのパターンを見る | E13: 累計8本 | F13: 05〜07 | G13: =IF($C$20="","",$C$20+49)
A14: W9 | B14: 2 スプリント | C14: 予備週 | D14: 遅れの取り戻し用バッファ。最後の振り返り・コミュニティ更新 | E14: 8本完了（本数より学び重視） | F14: 05〜07 | G14: =IF($C$20="","",$C$20+56)
A15: W10 | B15: 3 渾身の1本 | C15: 特大ヒット作の制作 | D15: スプリントの「もっと時間があったら」を全投入して渾身の1本を作る | E15: 企画・台本・撮影 | F15: 08_渾身の1本 | G15: =IF($C$20="","",$C$20+63)
A16: W11 | B16: 3 渾身の1本 | C16: 特大ヒット作の公開 | D16: 品質を極限まで追求し公開（※W10-11配分は目安） | E16: 公開 | F16: 08_渾身の1本 | G16: =IF($C$20="","",$C$20+70)
A17: W12 | B17: 3 渾身の1本 | C17: 最終振り返り | D17: 全振り返りを見直し、量vs質の感覚を比較して今後の投稿スケジュールと黄金律を決める | E17: 今後の方針決定 | F17: 09_最終振り返り | G17: =IF($C$20="","",$C$20+77)
A19: 設定
A20: チャレンジ開始日 | D20: ← 日付を入れると「予定開始日」が自動で入ります
A21: 普段の投稿ペース（本/週） | C21: 1 | D21: ← 動画の基準は週1本。隔週なら 0.5
A22: スプリント中の目標ペース（本/週） | C22: =C21*2 | D22: ← 普段の2倍（自動）
A23: 8本完了までの目安（週） | C23: =IF(C22>0,ROUNDUP(8/C22,0),"")
A25: 進捗ダッシュボード（自動）
A26: 完了した週 | C26: =COUNTIF(H6:H17,"✔")&" / 12"
A27: スワイプファイル件数（目標30） | C27: =COUNTA('02_スワイプファイル'!B7:B106)
A28: 動画レシピ数（目標1〜3） | C28: =COUNTA('03_動画レシピ'!C6:E6)
A29: アイデア数（目標8） | C29: =COUNTA('04_アイデア8本'!B7:B16)
A30: スプリント公開本数（目標8） | C30: ='05_スプリント管理'!C4
A31: 振り返り記入済み本数 | C31: =COUNTA('07_投稿後振り返り'!B7:B16)

Sheet 01_決意表明
A1: W1 決意表明
A2: 目標を書くと達成率が上がり、人に共有するとさらに上がる（ゲイル・マシューズ博士の研究）。挫折の原因は下手さではなく「諦めること」。
A3: 凡例：黄色セル＝あなたが記入する欄 ／ 灰色の斜体行＝記入例（上書き・削除OK） ／ 白セル＝自動計算
A5: 考えること | B5: あなたの答え
A6: 90日後の具体的な目標（数値で） | B6: 例：登録者1,000人・総再生4,000時間で収益化
A7: なぜ今それをやるのか（本気度） | B7: 例：今年中に仕事と両立できる柱にしたい
A8: 止まりそうな時に読み返す一言 | B8: 例：完璧より公開。出さない動画からは何も学べない
A9: 予想される挫折ポイントと対策 | B9: 例：残業週→撮影は土曜午前に固定
A10: 宣言する場所（1回目） | B10: 例：コミュニティ投稿＋X
A11: 宣言文（下書き） | B11: 例：今日から90日間チャレンジを始めます。12週間で…
A12: 宣言した日
A13: 宣言を見せた相手／反応
A14: 【W5用】2回目の宣言場所 | B14: 例：ショート動画で「4週間スプリントで投稿2倍にします」
A15: 【W5用】2回目の宣言文
A16: 【W5用】2回目を宣言した日

Sheet 02_スワイプファイル
A1: W2 審美眼を広げる：動画研究＆スワイプファイル
A2: 消費者ではなくクリエイターとして見る。「面白かったか」ではなく「なぜ」を書く。目標30本以上、ニッチ外・多フォーマットも。
A3: 凡例：黄色セル＝あなたが記入する欄 ／ 灰色の斜体行＝記入例（上書き・削除OK） ／ 白セル＝自動計算
F4: 研究本数： | G4: =COUNTA(B7:B106)&" / 30本"
A6: No | B6: 動画タイトル / URL | C6: チャンネル | D6: フォーマット | E6: ニッチ内/外 | F6: なぜクリックした？（タイトル・サムネ） | G6: 30秒後も見続けた理由（フック） | H6: 音楽・照明・編集で湧いた感情 | I6: 退屈・離脱したタイミングときっかけ | J6: 盗みたい要素（スワイプ） | K6: 自分の動画への応用案 | L6: 雰囲気（一言） | M6: 重要度 (1-5)
A7: 1 | B7: https://youtube.com/... 「3ヶ月で英語が話せた方法」 | C7: 〇〇English | D7: 解説 | E7: ニッチ内 | F7: 数字＋ビフォーアフター。サムネの表情が強い | G7: 冒頭で結果を見せてから過程を約束 | H7: 静かなLo-fiで落ち着く、自然光で親近感 | I7: 中盤の機材説明（3:40）で離脱しそうに | J7: 結果→過程の順で見せる冒頭構成 | K7: IELTSスコア公開から始める | L7: 親しみ・前向き | M7: 5
A8: 2
A9: 3
A10: 4
A11: 5
A12: 6
A13: 7
A14: 8
A15: 9
A16: 10
A17: 11
A18: 12
A19: 13
... A106: 100

Sheet 03_動画レシピ
A1: W3 独自の動画レシピ（テスト用に1〜3個）
A2: 最終決定ではなく「実験するための仮説」。強み（得意なこと）とスワイプファイルで繰り返し出てくる要素から組み立てる。
A3: 凡例：黄色セル＝あなたが記入する欄 ／ 灰色の斜体行＝記入例（上書き・削除OK） ／ 白セル＝自動計算
A5: 要素 | B5: 自分への問い | C5: レシピA | D5: レシピB | E5: レシピC
A6: レシピ名 | B6: 短い呼び名（アイデア・振り返りシートで使う） | C6: IELTS独学ラボ
A7: ① ターゲット層 | B7: 誰のため？何に興味があり、何に悩んでいる？普段どんな動画を見ている？ | C7: IELTS 6.5を目指す社会人（独学・時間がない）
A8: ② 価値 | B8: 見た人は何を得る？行動の後押し／理解が深まる／孤独が和らぐ／娯楽／インスピレーション | C8: スコアを上げる具体的な手順がわかる
A9: ③ フォーマット | B9: その価値をどう届ける？（Vlog・解説・チュートリアル・チャレンジ等から強みに合う1〜2個） | C9: 解説＋画面録画チュートリアル
A10: ④ 雰囲気（バイブス） | B10: 見終わった後どんな気分にさせたい？（居心地がいい・スリル・刺激的・効率的…） | C10: 効率的・安心感
A11: ⑤ 差別化要因 | B11: なぜ他の人ではなく自分の動画を見るべき？（独自スキル／アクセス権／深い洞察／個性） | C11: 自分が実際に独学で上げた記録と失敗例を全公開
A13: レシピを作る前に考えること
A14: 自分が生まれつき得意なことは？
A15: スワイプファイルで何度も出てくるフォーマットは？
A16: スワイプファイルで何度も出てくる雰囲気は？
A17: 他の人にない経験・アクセス・スキルは？

Sheet 04_アイデア8本
A1: W4 アイデア創出：3基準でスコアリングして8本選ぶ
A2: 各基準を1〜5で評価。合計と順位は自動。複数レシピがある場合は各レシピ最低1本。大規模・複雑なネタは「渾身の1本」候補へ回す。
A3: 凡例：黄色セル＝あなたが記入する欄 ／ 灰色の斜体行＝記入例（上書き・削除OK） ／ 白セル＝自動計算
A6: No | B6: 動画アイデア（仮タイトル） | C6: 使うレシピ | D6: 検証したいこと（実験の問い） | E6: 参考にした実績コンテンツ（URL・再生数） | F6: 検証可能性 (1-5) | G6: 再生 ポテンシャル (1-5) | H6: 実現可能性 (2倍速で作れる？)(1-5) | I6: 合計 (/15) | J6: 順位 | K6: 簡略化するなら？ | L6: 判定
A7: 1 | B7: IELTSライティング 独学で6.5→7.0にした添削ルーティン | C7: IELTS独学ラボ | D7: 画面録画中心のフォーマットで維持率は保てるか？ | E7: 類似動画 45万回（登録者3万ch） | F7: 4 | G7: 5 | H7: 4 | I7: =IF(COUNT(F7:H7)=3,SUM(F7:H7),"") | J7: =IF(I7="","",RANK(I7,$I$7:$I$16)) | L7: =IF(I7="","",IF(H7<=2,"簡略化 or 渾身候補へ",IF(I7>=11,"採用候補","要ブラッシュアップ")))
A8: 2 | I8: =IF(COUNT(F8:H8)=3,SUM(F8:H8),"") | J8: =IF(I8="","",RANK(I8,$I$7:$I$16)) | L8: =IF(I8="","",IF(H8<=2,"簡略化 or 渾身候補へ",IF(I8>=11,"採用候補","要ブラッシュアップ")))
A9: 3 | I9: =IF(COUNT(F9:H9)=3,SUM(F9:H9),"") | J9: =IF(I9="","",RANK(I9,$I$7:$I$16)) | L9: =IF(I9="","",IF(H9<=2,"簡略化 or 渾身候補へ",IF(I9>=11,"採用候補","要ブラッシュアップ")))
A10: 4 | I10: =IF(COUNT(F10:H10)=3,SUM(F10:H10),"") | J10: =IF(I10="","",RANK(I10,$I$7:$I$16)) | L10: =IF(I10="","",IF(H10<=2,"簡略化 or 渾身候補へ",IF(I10>=11,"採用候補","要ブラッシュアップ")))
A11: 5 | I11: =IF(COUNT(F11:H11)=3,SUM(F11:H11),"") | J11: =IF(I11="","",RANK(I11,$I$7:$I$16)) | L11: =IF(I11="","",IF(H11<=2,"簡略化 or 渾身候補へ",IF(I11>=11,"採用候補","要ブラッシュアップ")))
A12: 6 | I12: =IF(COUNT(F12:H12)=3,SUM(F12:H12),"") | J12: =IF(I12="","",RANK(I12,$I$7:$I$16)) | L12: =IF(I12="","",IF(H12<=2,"簡略化 or 渾身候補へ",IF(I12>=11,"採用候補","要ブラッシュアップ")))
A13: 7 | I13: =IF(COUNT(F13:H13)=3,SUM(F13:H13),"") | J13: =IF(I13="","",RANK(I13,$I$7:$I$16)) | L13: =IF(I13="","",IF(H13<=2,"簡略化 or 渾身候補へ",IF(I13>=11,"採用候補","要ブラッシュアップ")))
A14: 8 | I14: =IF(COUNT(F14:H14)=3,SUM(F14:H14),"") | J14: =IF(I14="","",RANK(I14,$I$7:$I$16)) | L14: =IF(I14="","",IF(H14<=2,"簡略化 or 渾身候補へ",IF(I14>=11,"採用候補","要ブラッシュアップ")))
A15: 9 | I15: =IF(COUNT(F15:H15)=3,SUM(F15:H15),"") | J15: =IF(I15="","",RANK(I15,$I$7:$I$16)) | L15: =IF(I15="","",IF(H15<=2,"簡略化 or 渾身候補へ",IF(I15>=11,"採用候補","要ブラッシュアップ")))
A16: 10 | I16: =IF(COUNT(F16:H16)=3,SUM(F16:H16),"") | J16: =IF(I16="","",RANK(I16,$I$7:$I$16)) | L16: =IF(I16="","",IF(H16<=2,"簡略化 or 渾身候補へ",IF(I16>=11,"採用候補","要ブラッシュアップ")))
A18: 基準の問い
A19: 検証可能性：このアイデアでレシピの何がわかる？（このフォーマットを試したら？この雰囲気を強調したら？このターゲットにこの価値を出したら？）
A20: 再生ポテンシャル：目標再生数を既に出しているタイトル/サムネ/コンセプト（自他・ニッチ内外）を自分のレシピに通したか？
A21: 実現可能性：普段の2倍のペースで台本→撮影→編集→公開できる？無理なら簡略化できる？
A22: ※8本を超えて出してOK（10行用意）。上位8本を 05_スプリント管理 に転記。

Sheet 05_スプリント管理
A1: W5〜W9 スプリントモード：8本の進捗管理
A2: 投稿頻度2倍・8本・5週間（1週は予備）。本数より「1本ごとの学び」。遅れても前進を続ける。
A3: 凡例：黄色セル＝あなたが記入する欄 ／ 灰色の斜体行＝記入例（上書き・削除OK） ／ 白セル＝自動計算
A4: 公開本数 | C4: =COUNTIF(G7:G14,"公開済") | D4: =C4&" / 8本（"&TEXT(C4/8,"0%")&"）" | E4: 振り返り済 | F4: =COUNTIF(J7:J14,"✔")&" / "&C4
A6: # | B6: 動画タイトル | C6: レシピ | D6: 学習目標（この動画で学ぶ1つのこと） | E6: 公開予定日 | F6: 実際の公開日 | G6: ステータス | H6: 予定との差(日) | I6: 学習目標設定 | J6: 振り返り記入 | K6: コミュニティ共有 | L6: メモ・詰まったこと
A7: 1 | B7: IELTSライティング 独学で6.5→7.0にした添削ルーティン | C7: IELTS独学ラボ | D7: スワイプの「結果→過程」冒頭で30秒維持率が上がるか | G7: 制作中 | H7: =IF(OR(E7="",F7=""),"",F7-E7) | I7: ✔ | L7: 台本2時間で書けた
A8: 2 | H8: =IF(OR(E8="",F8=""),"",F8-E8)
A9: 3 | H9: =IF(OR(E9="",F9=""),"",F9-E9)
A10: 4 | H10: =IF(OR(E10="",F10=""),"",F10-E10)
A11: 5 | H11: =IF(OR(E11="",F11=""),"",F11-E11)
A12: 6 | H12: =IF(OR(E12="",F12=""),"",F12-E12)
A13: 7 | H13: =IF(OR(E13="",F13=""),"",F13-E13)
A14: 8 | H14: =IF(OR(E14="",F14=""),"",F14-E14)
A16: 各動画の4ステップ（毎回これを回す）
A17: 1 学習目標を設定 | C17: 台本・撮影の前に「この動画で学ぶ1つのこと」を決める（新フォーマット／タイトル構成／サムネ／編集の簡略化など）。→ D列
A18: 2 動画を制作 | C18: とにかく完成させる。考えすぎない・完璧を求めない。未完成に感じても約束したペースで公開。→ 06_制作シート
A19: 3 振り返る | C19: 公開後20〜30分で振り返りシートを記入。絶対に飛ばさない（最重要）。→ 07_投稿後振り返り
A20: 4 コミュニティ共有（任意・推奨） | C20: 「8本中3本目完了！」や振り返りの気づきを共有。投稿ごと or 週1。
A22: 心構え：3本目あたりで新鮮さが消え、再生が伸びない・遅れる・疑問が湧くのは普通。1回目9本、2回目は4本でも効果があった。

Sheet 06_制作シート
A1: 制作シート：1本ごとの企画〜公開チェック
A2: スプリント8本＋渾身の1本（#9）。各動画の列に記入。短い制作期間でも抜けがないようにする。
A3: 凡例：黄色セル＝あなたが記入する欄 ／ 灰色の斜体行＝記入例（上書き・削除OK） ／ 白セル＝自動計算
A5: 項目 | B5: 動画 #1 | C5: 動画 #2 | D5: 動画 #3 | E5: 動画 #4 | F5: 動画 #5 | G5: 動画 #6 | H5: 動画 #7 | I5: 動画 #8 | J5: 渾身の1本
A6: 【企画】
A7: 動画タイトル（←05から自動） | B7: =IF('05_スプリント管理'!B7="","",'05_スプリント管理'!B7) | C7: =IF('05_スプリント管理'!B8="","",'05_スプリント管理'!B8) | D7: =IF('05_スプリント管理'!B9="","",'05_スプリント管理'!B9) | E7: =IF('05_スプリント管理'!B10="","",'05_スプリント管理'!B10) | F7: =IF('05_スプリント管理'!B11="","",'05_スプリント管理'!B11) | G7: =IF('05_スプリント管理'!B12="","",'05_スプリント管理'!B12) | H7: =IF('05_スプリント管理'!B13="","",'05_スプリント管理'!B13) | I7: =IF('05_スプリント管理'!B14="","",'05_スプリント管理'!B14)
A8: 学習目標（←05から自動） | B8: =IF('05_スプリント管理'!D7="","",'05_スプリント管理'!D7) | C8: =IF('05_スプリント管理'!D8="","",'05_スプリント管理'!D8) | D8: =IF('05_スプリント管理'!D9="","",'05_スプリント管理'!D9) | E8: =IF('05_スプリント管理'!D10="","",'05_スプリント管理'!D10) | F8: =IF('05_スプリント管理'!D11="","",'05_スプリント管理'!D11) | G8: =IF('05_スプリント管理'!D12="","",'05_スプリント管理'!D12) | H8: =IF('05_スプリント管理'!D13="","",'05_スプリント管理'!D13) | I8: =IF('05_スプリント管理'!D14="","",'05_スプリント管理'!D14)
A9: ターゲットが抱える悩み
A10: 視聴者が得る価値（1文）
A11: タイトル案A
A12: タイトル案B
A13: タイトル案C
A14: 採用タイトル
A15: サムネイル案（構図・文字・表情）
A16: 冒頭30秒のフック
A17: 構成（起承転結／見出し）
A18: 参考スワイプNo.
A19: 【制作】
A20: 台本 完了
... A27: 制作にかかった時間(h)
A28: チェック完了率 | B28: =COUNTIF(B20:B26,"✔")/7 | C28: =COUNTIF(C20:C26,"✔")/7 | D28: =COUNTIF(D20:D26,"✔")/7 | E28: =COUNTIF(E20:E26,"✔")/7 | F28: =COUNTIF(F20:F26,"✔")/7 | G28: =COUNTIF(G20:G26,"✔")/7 | H28: =COUNTIF(H20:H26,"✔")/7 | I28: =COUNTIF(I20:I26,"✔")/7 | J28: =COUNTIF(J20:J26,"✔")/7

Sheet 07_投稿後振り返り
A1: 投稿後の振り返り（1本20〜30分・絶対に飛ばさない）
A2: 詳しく書くほどパターンが見える。「もっと時間があったら」欄は渾身の1本のヒントになる。数値は公開7日後など同じタイミングで記録。
A3: 凡例：黄色セル＝あなたが記入する欄 ／ 灰色の斜体行＝記入例（上書き・削除OK） ／ 白セル＝自動計算
J5: CTR・視聴率は小数で（5.2%→0.052）
A6: # | B6: 動画タイトル | C6: 使ったレシピ | D6: 学習目標は達成できた？何がわかった？ | E6: うまくいったこと | F6: 次の動画で重点的に改善すること | G6: 新しく習得したスキル | H6: 視聴者の反応（コメント等） | I6: もっと時間があったら何をしていた？ | J6: 再生数 (7日) | K6: CTR(%) | L6: 平均視聴率(%) | M6: 登録者増 | N6: 感覚評価 (1-5) | O6: 気づき・パターン
A7: 1 | B7: IELTSライティング 独学で6.5→7.0… | C7: IELTS独学ラボ | D7: 冒頭で結果を見せると30秒維持率+8% | E7: 画面録画は撮影が早い | F7: 中盤のテンポ（カットを増やす） | G7: 字幕テンプレ作成 | H7: 「添削例をもっと見たい」多数 | I7: 実際の添削ビフォーアフターを5本分見せたかった | J7: 1200 | K7: 0.052 | L7: 0.41 | M7: 35 | N7: 4 | O7: 解説系は冒頭の結果提示が効く
A8: 2
A9: 3
A10: 4
A11: 5
A12: 6
A13: 7
A14: 8
A15: 9
A16: 渾身
A18: レシピ別の平均（自動）
B19: レシピ | C19: 本数 | D19: 平均再生数 | E19: 平均CTR | F19: 平均視聴率 | G19: 平均登録者増 | H19: 平均感覚評価
B20: =IF('03_動画レシピ'!C6="","",'03_動画レシピ'!C6) | C20: =IF(B20="","",COUNTIF($C$7:$C$16,B20)) | D20: =IF(B20="","",IFERROR(AVERAGEIF($C$7:$C$16,B20,$J$7:$J$16),"-")) | E20: =IF(B20="","",IFERROR(AVERAGEIF($C$7:$C$16,B20,$K$7:$K$16),"-")) | F20: =IF(B20="","",IFERROR(AVERAGEIF($C$7:$C$16,B20,$L$7:$L$16),"-")) | G20: =IF(B20="","",IFERROR(AVERAGEIF($C$7:$C$16,B20,$M$7:$M$16),"-")) | H20: =IF(B20="","",IFERROR(AVERAGEIF($C$7:$C$16,B20,$N$7:$N$16),"-"))
B21: =IF('03_動画レシピ'!D6="","",'03_動画レシピ'!D6) | C21: =IF(B21="","",COUNTIF($C$7:$C$16,B21)) | D21: =IF(B21="","",IFERROR(AVERAGEIF($C$7:$C$16,B21,$J$7:$J$16),"-")) | E21: =IF(B21="","",IFERROR(AVERAGEIF($C$7:$C$16,B21,$K$7:$K$16),"-")) | F21: =IF(B21="","",IFERROR(AVERAGEIF($C$7:$C$16,B21,$L$7:$L$16),"-")) | G21: =IF(B21="","",IFERROR(AVERAGEIF($C$7:$C$16,B21,$M$7:$M$16),"-")) | H21: =IF(B21="","",IFERROR(AVERAGEIF($C$7:$C$16,B21,$N$7:$N$16),"-"))
B22: =IF('03_動画レシピ'!E6="","",'03_動画レシピ'!E6) | C22: =IF(B22="","",COUNTIF($C$7:$C$16,B22)) | D22: =IF(B22="","",IFERROR(AVERAGEIF($C$7:$C$16,B22,$J$7:$J$16),"-")) | E22: =IF(B22="","",IFERROR(AVERAGEIF($C$7:$C$16,B22,$K$7:$K$16),"-")) | F22: =IF(B22="","",IFERROR(AVERAGEIF($C$7:$C$16,B22,$L$7:$L$16),"-")) | G22: =IF(B22="","",IFERROR(AVERAGEIF($C$7:$C$16,B22,$M$7:$M$16),"-")) | H22: =IF(B22="","",IFERROR(AVERAGEIF($C$7:$C$16,B22,$N$7:$N$16),"-"))

Sheet 08_渾身の1本
A1: W10〜W11 フェーズ3：渾身の特大ヒット作
A2: これまでの全行動はこの1本のため。スプリントの学びと「もっと時間があったら」を全投入し、質を極限まで追求する。
A3: 凡例：黄色セル＝あなたが記入する欄 ／ 灰色の斜体行＝記入例（上書き・削除OK） ／ 白セル＝自動計算
A5: 考えること | B5: あなたの答え
A6: 【振り返りから集める】
A7: スプリントで最も反応が良かったレシピ（自動参照→07下の表） | B7: =IFERROR(INDEX('07_投稿後振り返り'!B20:B22,MATCH(MAX('07_投稿後振り返り'!D20:D22),'07_投稿後振り返り'!D20:D22,0))&"（平均再生数ベース）","振り返りを記入すると表示")
A8: 振り返りの「もっと時間があったら」で繰り返し出た要素
A9: 振り返りの「次に改善すること」で繰り返し出た要素
A10: 視聴者の反応で多かった要望
A11: W4で「渾身候補」に回した大きなアイデア
A12: 【企画】
A13: 渾身の1本のテーマ
A14: なぜこれがチャンネルを爆発させ得るか（根拠：実績コンテンツ・データ）
A15: ターゲット／価値／雰囲気／差別化（最終レシピ）
A16: タイトル案（10案以上出して選ぶ）
A17: サムネイル案（複数の構図・スタイル）
A18: 冒頭30秒のフック
A19: ストーリー構成（好奇心を引っ張る要素）
... A28: ※制作チェックは 06_制作シート の「渾身の1本」列、振り返りは 07 の「渾身」行を使う。

Sheet 09_最終振り返り
A1: W12 最終振り返り：勢いを失わずに次の章へ
A2: 全振り返りを見直し、公開した動画を新鮮な目で見返す。量（スプリント）と質（渾身）の両極端を経験した今、今後のバランスを決める。
A3: 凡例：黄色セル＝あなたが記入する欄 ／ 灰色の斜体行＝記入例（上書き・削除OK） ／ 白セル＝自動計算
A5: 考えること | B5: あなたの答え
A6: 【数字】
A7: チャレンジ中の公開本数（自動） | B7: ='05_スプリント管理'!C4&"本（スプリント）＋渾身1本"
A8: 開始時→終了時の登録者数
A9: 最も伸びた動画とその理由
A10: 【量 vs 質】
A11: スプリント（量を極限まで）でどう感じた？何ができた？
A12: 渾身の1本（質を極限まで）でどう感じた？何ができた？
A13: 今後のバランスはどうしたい？
A14: 【今後の方針】
A15: 今後の投稿スケジュール（元に戻す／変更する）
A16: 確定した動画レシピ（黄金律）
A17: 自分のクリエイティブな表現で明確になったこと
A18: 視聴者とのつながりで変わったこと
A19: 次の90日でやること

Sheet 10_考えることリスト
A1: あなたが考えないといけないこと 一覧
A2: 動画中の問いをすべて抜き出したチェックリスト。答えを書く場所は右の「記入先シート」。
A3: 凡例：黄色セル＝あなたが記入する欄 ／ 灰色の斜体行＝記入例（上書き・削除OK） ／ 白セル＝自動計算
C4: =COUNTIF(E6:E33,"✔")&" / 28 考えた"
A5: 週 | B5: カテゴリ | C5: 問い | D5: 記入先シート | E5: 考えた✔
A6: W1 | B6: 決意 | C6: 90日後の目標は何か？（書き出す） | D6: 01_決意表明
A7: W1 | B7: 決意 | C7: 誰に・どこで宣言するか？ | D7: 01_決意表明
A8: W2 | B8: 研究 | C8: なぜこれが面白いと思ったのか？ | D8: 02_スワイプファイル
A9: W2 | B9: 研究 | C9: なぜクリックしたのか？ | D9: 02_スワイプファイル
A10: W2 | B10: 研究 | C10: なぜ開始30秒経っても見続けているのか？ | D10: 02_スワイプファイル
A11: W2 | B11: 研究 | C11: 音楽や照明によってどんな感情が湧くか？ | D11: 02_スワイプファイル
A12: W2 | B12: 研究 | C12: どの時点で退屈・離脱したか、きっかけは何か？ | D12: 02_スワイプファイル
A13: W3 | B13: レシピ | C13: 誰のために動画を作っている？何に興味・悩みがある？普段何を見ている？ | D13: 03_動画レシピ
A14: W3 | B14: レシピ | C14: 視聴者は何を得られる？（行動・理解・孤独の緩和・娯楽・インスピレーション） | D14: 03_動画レシピ
A15: W3 | B15: レシピ | C15: その価値をどのフォーマットで届ける？ | D15: 03_動画レシピ
A16: W3 | B16: レシピ | C16: 動画はどんな気分にさせる？ | D16: 03_動画レシピ
A17: W3 | B17: レシピ | C17: なぜ他の誰でもなく自分の動画を見るべき？ | D17: 03_動画レシピ
... A33: W12 | B33: 総括 | C33: 投稿スケジュールを元に戻す？変更する？ | D33: 09_最終振り返り
