Workbook

Sheet 03_動画レシピ
A1: W3 独自の動画レシピ（テスト用に1〜3個）
A2: 準備編で作ったレシピをここにも書き写してください（05〜08のプルダウンに使います）
A3: 記入例入り版：灰色の斜体＝記入例です。自分の内容に上書きしてください（空欄版は別ファイル）
A5: 要素 | B5: 自分への問い | C5: レシピA | D5: レシピB | E5: レシピC
A6: レシピ名 | B6: 短い呼び名（アイデア・振り返りシートで使う） | C6: IELTS独学ラボ | D6: 社会人の英語Vlog | E6: スコア検証実験
A7: ① ターゲット層 | B7: 誰のため？何に興味があり、何に悩んでいる？普段どんな動画を見ている？ | C7: IELTS 6.5〜7.0を目指す社会人（独学・時間がない） | D7: 留学・海外転職を考える20〜30代の会社員 | E7: IELTS受験予定で勉強法に迷っている人
A8: ② 価値 | B8: 見た人は何を得る？行動の後押し／理解が深まる／孤独が和らぐ／娯楽／インスピレーション | C8: スコアを上げる具体的な手順がわかる | D8: 「自分も続けられそう」と思える／孤独が和らぐ | E8: どの方法が効くか実験結果でわかる
A9: ③ フォーマット | B9: その価値をどう届ける？（Vlog・解説・チュートリアル・チャレンジ等から強みに合う1〜2個） | C9: 解説＋画面録画チュートリアル | D9: Vlog | E9: チャレンジ・比較検証
A10: ④ 雰囲気（バイブス） | B10: 見終わった後どんな気分にさせたい？（居心地がいい・スリル・刺激的・効率的…） | C10: 効率的・安心感 | D10: 居心地がいい・穏やか | E10: ワクワク・スリル
A11: ⑤ 差別化要因 | B11: なぜ他の人ではなく自分の動画を見るべき？（独自スキル／アクセス権／深い洞察／個性） | C11: 自分が実際に独学で上げた記録と失敗例を全公開 | D11: フルタイム勤務のリアルな時間の使い方を見せられる | E11: 自分の体で検証し、実際のスコアで結果を出す
A13: レシピを作る前に考えること
A14: 自分が生まれつき得意なことは？ | C14: 図解して説明すること、学習計画を立てること
A15: スワイプファイルで何度も出てくるフォーマットは？ | C15: Vlog・チャレンジ系（スワイプの約半分）
A16: スワイプファイルで何度も出てくる雰囲気は？ | C16: 穏やかで前向き、効率的
A17: 他の人にない経験・アクセス・スキルは？ | C17: 独学でIELTS 7.0を取った実体験とスコア記録、会社員としての時間制約

Sheet 05_スプリント管理
A1: W5〜W9 スプリントモード：8本の進捗管理
A2: 投稿頻度2倍・8本・5週間（1週は予備）。本数より「1本ごとの学び」。遅れても前進を続ける。
A3: 記入例入り版：灰色の斜体＝記入例です。自分の内容に上書きしてください（空欄版は別ファイル）
A4: 公開本数 | C4: =COUNTIF(G7:G14,"公開済") | D4: =C4&" / 8本（"&TEXT(C4/8,"0%")&"）" | E4: 振り返り済 | F4: =COUNTIF(J7:J14,"✔")&" / "&C4
A6: # | B6: 動画タイトル | C6: レシピ | D6: 学習目標（この動画で学ぶ1つのこと） | E6: 公開予定日 | F6: 実際の公開日 | G6: ステータス | H6: 予定との差(日) | I6: 学習目標設定 | J6: 振り返り記入 | K6: コミュニティ共有 | L6: メモ・詰まったこと
A7: 1 | B7: IELTSライティング 独学で6.5→7.0にした添削ルーティン | C7: IELTS独学ラボ | D7: スワイプの「結果→過程」冒頭で30秒維持率が上がるか | E7: 46321 | F7: 46321 | G7: 公開済 | H7: =IF(OR(E7="",F7=""),"",F7-E7) | I7: ✔ | J7: ✔ | K7: ✔ | L7: 台本2時間で書けた
A8: 2 | B8: 平日30分しかない社会人のIELTS勉強1週間Vlog | C8: 社会人の英語Vlog | D8: 時刻テロップ付きVlogで平均視聴率40%を超えるか | E8: 46324 | F8: 46325 | G8: 公開済 | H8: =IF(OR(E8="",F8=""),"",F8-E8) | I8: ✔ | J8: ✔ | L8: 撮影素材が多すぎて編集に6時間
A9: 3 | B9: IELTSスピーキング Part2 を AI採点 vs 人間採点で比べてみた | C9: スコア検証実験 | D9: 比較系タイトルでCTR 6%以上を出せるか | E9: 46328 | F9: 46330 | G9: 公開済 | H9: =IF(OR(E9="",F9=""),"",F9-E9) | I9: ✔ | J9: ✔ | K9: ✔ | L9: サムネ3案作って1時間迷った
A10: 4 | B10: リスニングが伸びない人がやりがちな3つのミス | C10: IELTS独学ラボ | D10: 顔出し＋文字3語のサムネでCTRが変わるか | E10: 46331 | G10: 編集 | H10: =IF(OR(E10="",F10=""),"",F10-E10) | I10: ✔ | L10: 字幕テンプレで編集が速くなった
A11: 5 | B11: 1日だけIELTS本番と同じ時間割で過ごしてみた | C11: スコア検証実験 | D11: 撮影を1日で終わらせる段取りを試す | E11: 46335 | G11: 撮影 | H11: =IF(OR(E11="",F11=""),"",F11-E11) | I11: ✔
A12: 6 | B12: IELTS用 単語帳3冊を1ヶ月使い比べた正直レビュー | C12: IELTS独学ラボ | D12: レビュー形式で検索流入の割合を見る | E12: 46338 | G12: 台本 | H12: =IF(OR(E12="",F12=""),"",F12-E12) | I12: ✔
A13: 7 | B13: 仕事終わりのカフェ勉強ルーティン【IELTS 7.0目標】 | C13: 社会人の英語Vlog | D13: BGM・照明を変えて雰囲気を強調 | E13: 46342 | G13: 企画 | H13: =IF(OR(E13="",F13=""),"",F13-E13) | I13: ✔
A14: 8 | B14: IELTSライティング Task2 を20分で書く型を公開 | C14: IELTS独学ラボ | D14: 概要欄テンプレ配布でコメント数が増えるか | E14: 46345 | G14: 未着手 | H14: =IF(OR(E14="",F14=""),"",F14-E14) | I14: ✔
A16: 各動画の4ステップ（毎回これを回す）
A17: 1 学習目標を設定 | C17: 台本・撮影の前に「この動画で学ぶ1つのこと」を決める（新フォーマット／タイトル構成／サムネ／編集の簡略化など）。→ D列
A18: 2 動画を制作 | C18: とにかく完成させる。考えすぎない・完璧を求めない。未完成に感じても約束したペースで公開。→ 06_制作シート
A19: 3 振り返る | C19: 公開後20〜30分で振り返りシートを記入。絶対に飛ばさない（最重要）。→ 07_投稿後振り返り
A20: 4 コミュニティ共有（任意・推奨） | C20: 「8本中3本目完了！」や振り返りの気づきを共有。投稿ごと or 週1。
A22: 心構え：3本目あたりで新鮮さが消え、再生が伸びない・遅れる・疑問が湧くのは普通。1回目9本、2回目は4本でも効果があった。

Sheet 06_制作シート
A1: 制作シート：1本ごとの企画〜公開チェック
A2: スプリント8本＋渾身の1本（#9）。各動画の列に記入。短い制作期間でも抜けがないようにする。
A3: 記入例入り版：灰色の斜体＝記入例です。自分の内容に上書きしてください（空欄版は別ファイル）
A5: 項目 | B5: 動画 #1 | C5: 動画 #2 | D5: 動画 #3 | E5: 動画 #4 | F5: 動画 #5 | G5: 動画 #6 | H5: 動画 #7 | I5: 動画 #8 | J5: 渾身の1本
A6: 【企画】
A7: 動画タイトル（←05から自動） | B7: =IF('05_スプリント管理'!B7="","",'05_スプリント管理'!B7) | C7: =IF('05_スプリント管理'!B8="","",'05_スプリント管理'!B8) | D7: =IF('05_スプリント管理'!B9="","",'05_スプリント管理'!B9) | E7: =IF('05_スプリント管理'!B10="","",'05_スプリント管理'!B10) | F7: =IF('05_スプリント管理'!B11="","",'05_スプリント管理'!B11) | G7: =IF('05_スプリント管理'!B12="","",'05_スプリント管理'!B12) | H7: =IF('05_スプリント管理'!B13="","",'05_スプリント管理'!B13) | I7: =IF('05_スプリント管理'!B14="","",'05_スプリント管理'!B14)
A8: 学習目標（←05から自動） | B8: =IF('05_スプリント管理'!D7="","",'05_スプリント管理'!D7) | C8: =IF('05_スプリント管理'!D8="","",'05_スプリント管理'!D8) | D8: =IF('05_スプリント管理'!D9="","",'05_スプリント管理'!D9) | E8: =IF('05_スプリント管理'!D10="","",'05_スプリント管理'!D10) | F8: =IF('05_スプリント管理'!D11="","",'05_スプリント管理'!D11) | G8: =IF('05_スプリント管理'!D12="","",'05_スプリント管理'!D12) | H8: =IF('05_スプリント管理'!D13="","",'05_スプリント管理'!D13) | I8: =IF('05_スプリント管理'!D14="","",'05_スプリント管理'!D14)
A9: ターゲットが抱える悩み | B9: 添削してくれる人がいない・何を直せば7.0になるかわからない | C9: 平日に勉強時間が取れず続かない | J9: 独学でどこまで行けるのか、本当に7.0は取れるのか不安
A10: 視聴者が得る価値（1文） | B10: 自分ひとりで添削できる手順が手に入る | C10: リアルな1週間を見て「自分もできそう」と思える | J10: 5.5から7.0までの全過程と失敗が1本で追体験できる
A11: タイトル案A | B11: IELTSライティング 独学で6.5→7.0にした添削ルーティン | C11: 平日30分しかない社会人のIELTS勉強1週間Vlog | J11: IELTS 5.5→7.0 までの全記録（独学・会社員・1年）
A12: タイトル案B | B12: 【IELTS】添削なしでライティング7.0を取った方法
A13: タイトル案C | B13: ライティングが6.5で止まる人へ｜独学添削の手順
A14: 採用タイトル | B14: IELTSライティング 独学で6.5→7.0にした添削ルーティン | C14: 平日30分しかない社会人のIELTS勉強1週間Vlog
A15: サムネイル案（構図・文字・表情） | B15: 左：6.5の答案（赤ペンだらけ）／右：7.0のスコア表。文字「独学で7.0」 | J15: スコア表5枚を時系列に並べ、最後だけ7.0が光る
A16: 冒頭30秒のフック | B16: 「このスコア表、添削を一度も受けずに取りました」から入る | C16: 月曜5:30、アラームが鳴るところから | J16: 「この1年で4回落ちました」
A17: 構成（起承転結／見出し） | B17: ①結果 ②6.5で止まった原因 ③添削ルーティン3ステップ ④実演 ⑤テンプレ配布
A18: 参考スワイプNo. | B18: 1, 3
A19: 【制作】
A20: 台本 完了 | B20: ✔ | C20: ✔
A21: 撮影 完了 | B21: ✔ | C21: ✔
A22: 編集 完了 | B22: ✔ | C22: ✔
A23: サムネ 完了 | B23: ✔
A24: 概要欄・タグ・チャプター | B24: ✔
A25: #ハッシュタグ・宣言/タグ付け | B25: ✔
A26: 公開 | B26: ✔
A27: 制作にかかった時間(h) | B27: 9
A28: チェック完了率 | B28: =COUNTIF(B20:B26,"✔")/7 | C28: =COUNTIF(C20:C26,"✔")/7 | D28: =COUNTIF(D20:D26,"✔")/7 | E28: =COUNTIF(E20:E26,"✔")/7 | F28: =COUNTIF(F20:F26,"✔")/7 | G28: =COUNTIF(G20:G26,"✔")/7 | H28: =COUNTIF(H20:H26,"✔")/7 | I28: =COUNTIF(I20:I26,"✔")/7 | J28: =COUNTIF(J20:J26,"✔")/7

Sheet 07_投稿後振り返り
A1: 投稿後の振り返り（1本20〜30分・絶対に飛ばさない）
A2: 詳しく書くほどパターンが見える。「もっと時間があったら」欄は渾身の1本のヒントになる。数値は公開7日後など同じタイミングで記録。
A3: 記入例入り版：灰色の斜体＝記入例です。自分の内容に上書きしてください（空欄版は別ファイル）
J5: CTR・視聴率は小数で（5.2%→0.052）
A6: # | B6: 動画タイトル | C6: 使ったレシピ | D6: 学習目標は達成できた？何がわかった？ | E6: うまくいったこと | F6: 次の動画で重点的に改善すること | G6: 新しく習得したスキル | H6: 視聴者の反応（コメント等） | I6: もっと時間があったら何をしていた？ | J6: 再生数 (7日) | K6: CTR(%) | L6: 平均視聴率(%) | M6: 登録者増 | N6: 感覚評価 (1-5) | O6: 気づき・パターン
A7: 1 | B7: IELTSライティング 独学で6.5→7.0… | C7: IELTS独学ラボ | D7: 冒頭で結果を見せると30秒維持率+8% | E7: 画面録画は撮影が早い | F7: 中盤のテンポ（カットを増やす） | G7: 字幕テンプレ作成 | H7: 「添削例をもっと見たい」多数 | I7: 実際の添削ビフォーアフターを5本分見せたかった | J7: 1200 | K7: 0.052 | L7: 0.41 | M7: 35 | N7: 4 | O7: 解説系は冒頭の結果提示が効く
A8: 2 | B8: 平日30分しかない社会人のIELTS勉強1週間Vlog | C8: 社会人の英語Vlog | D8: 時刻テロップで区切ると離脱が減った（平均視聴率44%） | E8: 朝の映像の雰囲気がコメントで好評 | F8: 撮影素材を絞る（撮りすぎ） | G8: カラーグレーディングの基本 | H8: 「落ち着く」「自分も頑張る」 | I8: 1週間ではなく1ヶ月の変化を見せたかった | J8: 850 | K8: 0.038 | L8: 0.44 | M8: 22 | N8: 4 | O8: Vlogは視聴率高いがCTR低め→サムネ改善
A9: 3 | B9: IELTSスピーキング Part2 を AI採点 vs 人間採点で比べてみた | C9: スコア検証実験 | D9: 比較タイトルでCTR 7.1%。狙い通り | E9: AIと人間の採点差がはっきり出た | F9: 結論をもっと早く出す | G9: 画面分割編集 | H9: 「他のPartも比較して」多数 | I9: 採点者を3人に増やして信頼性を上げたかった | J9: 3400 | K9: 0.071 | L9: 0.36 | M9: 80 | N9: 5 | O9: 比較・検証はCTRが強い→渾身の1本の軸に
A10: 4 | B10: リスニングが伸びない人がやりがちな3つのミス | C10: IELTS独学ラボ | D10: 顔出しサムネはCTRに大差なし | E10: 3つに絞った構成でテンポが良かった | F10: 具体例の音声を増やす | G10: 音声の波形編集 | H10: 「2つ目のミス自分だ」 | I10: ミスごとに練習問題を付けたかった | J10: 1500 | K10: 0.049 | L10: 0.39 | M10: 30 | N10: 3 | O10: リスト型は安定するが爆発力は弱い
A11: 5
A12: 6
A13: 7
A14: 8
A15: 9
A16: 渾身 | B16: IELTS 5.5→7.0 までの全記録（独学・会社員・1年） | C16: スコア検証実験 | D16: 長尺でも比較・検証の軸があれば最後まで見られる | E16: 失敗パートへのコメントが最多 | F16: チャプターを細かく切る | G16: ストーリー構成・BGMの使い分け | H16: 「泣いた」「勇気が出た」 | I16: 当時の答案をもっと映像で見せたかった | J16: 25000 | K16: 0.082 | L16: 0.47 | M16: 620 | N16: 5 | O16: スプリントの学び（結果先出し・比較軸）を全部入れたら過去最高
A18: レシピ別の平均（スプリント8本・自動）
B19: レシピ | C19: 本数 | D19: 平均再生数 | E19: 平均CTR | F19: 平均視聴率 | G19: 平均登録者増 | H19: 平均感覚評価
B20: =IF('03_動画レシピ'!C6="","",'03_動画レシピ'!C6) | C20: =IF(B20="","",COUNTIF($C$7:$C$15,B20)) | D20: =IF(B20="","",IFERROR(AVERAGEIF($C$7:$C$15,B20,$J$7:$J$15),"-")) | E20: =IF(B20="","",IFERROR(AVERAGEIF($C$7:$C$15,B20,$K$7:$K$15),"-")) | F20: =IF(B20="","",IFERROR(AVERAGEIF($C$7:$C$15,B20,$L$7:$L$15),"-")) | G20: =IF(B20="","",IFERROR(AVERAGEIF($C$7:$C$15,B20,$M$7:$M$15),"-")) | H20: =IF(B20="","",IFERROR(AVERAGEIF($C$7:$C$15,B20,$N$7:$N$15),"-"))
B21: =IF('03_動画レシピ'!D6="","",'03_動画レシピ'!D6) | C21: =IF(B21="","",COUNTIF($C$7:$C$15,B21)) | D21: =IF(B21="","",IFERROR(AVERAGEIF($C$7:$C$15,B21,$J$7:$J$15),"-")) | E21: =IF(B21="","",IFERROR(AVERAGEIF($C$7:$C$15,B21,$K$7:$K$15),"-")) | F21: =IF(B21="","",IFERROR(AVERAGEIF($C$7:$C$15,B21,$L$7:$L$15),"-")) | G21: =IF(B21="","",IFERROR(AVERAGEIF($C$7:$C$15,B21,$M$7:$M$15),"-")) | H21: =IF(B21="","",IFERROR(AVERAGEIF($C$7:$C$15,B21,$N$7:$N$15),"-"))
B22: =IF('03_動画レシピ'!E6="","",'03_動画レシピ'!E6) | C22: =IF(B22="","",COUNTIF($C$7:$C$15,B22)) | D22: =IF(B22="","",IFERROR(AVERAGEIF($C$7:$C$15,B22,$J$7:$J$15),"-")) | E22: =IF(B22="","",IFERROR(AVERAGEIF($C$7:$C$15,B22,$K$7:$K$15),"-")) | F22: =IF(B22="","",IFERROR(AVERAGEIF($C$7:$C$15,B22,$L$7:$L$15),"-")) | G22: =IF(B22="","",IFERROR(AVERAGEIF($C$7:$C$15,B22,$M$7:$M$15),"-")) | H22: =IF(B22="","",IFERROR(AVERAGEIF($C$7:$C$15,B22,$N$7:$N$15),"-"))

Sheet 08_渾身の1本
A1: W10〜W11 フェーズ3：渾身の特大ヒット作
A2: これまでの全行動はこの1本のため。スプリントの学びと「もっと時間があったら」を全投入し、質を極限まで追求する。
A3: 記入例入り版：灰色の斜体＝記入例です。自分の内容に上書きしてください（空欄版は別ファイル）
A5: 考えること | B5: あなたの答え
A6: 【振り返りから集める】
A7: スプリントで最も反応が良かったレシピ（自動参照→07下の表） | B7: =IFERROR(INDEX('07_投稿後振り返り'!B20:B22,MATCH(MAX('07_投稿後振り返り'!D20:D22),'07_投稿後振り返り'!D20:D22,0))&"（平均再生数ベース）","振り返りを記入すると表示")
A8: 振り返りの「もっと時間があったら」で繰り返し出た要素 | B8: もっと長い期間の変化を見せたい／実例をもっと見せたい
A9: 振り返りの「次に改善すること」で繰り返し出た要素 | B9: 結論を早く出す・素材を絞る
A10: 視聴者の反応で多かった要望 | B10: 「全Partで比較して」「スコアが上がるまでの全部を見たい」
A11: W4で「渾身候補」に回した大きなアイデア | B11: IELTS 5.5→7.0 までの全記録ドキュメンタリー
A12: 【企画】
A13: 渾身の1本のテーマ | B13: IELTS 5.5→7.0 まで独学1年の全記録
A14: なぜこれがチャンネルを爆発させ得るか（根拠：実績コンテンツ・データ） | B14: 学習ドキュメンタリーは120万回の実績あり。スプリントで比較・検証系のCTRが最も高かった（7.1%）
A15: ターゲット／価値／雰囲気／差別化（最終レシピ） | B15: IELTS受験予定の社会人／独学でも7.0に届く道筋がわかる／ワクワク＋感動／実際の答案とスコア表を全部持っている
A16: タイトル案（10案以上出して選ぶ） | B16: ①独学1年でIELTS 7.0になるまで ②4回落ちた会社員がIELTS 7.0を取るまで ③… (10案)
A17: サムネイル案（複数の構図・スタイル） | B17: A：スコア表5枚を時系列 B：落ち込んだ顔＋7.0 C：答案の赤ペン→きれいな答案
A18: 冒頭30秒のフック | B18: 「この1年で4回落ちました」→最後の結果は伏せたまま本編へ
A19: ストーリー構成（好奇心を引っ張る要素） | B19: 受験1回ごとに章立て。各章で「何を変えたか」を提示し、最後に7.0を見せる
A20: スプリント時より時間・予算をかけるポイント | B20: 当時の答案の撮り直し、BGMのライセンス、サムネの外注
A21: 【スケジュール】
A22: 企画・台本 締切 | B22: 46358
A23: 撮影 締切 | B23: 46362
A24: 編集 締切 | B24: 46367
A25: 公開日 | B25: 46369
A26: 公開時の告知（どこで・何を） | B26: コミュニティ投稿・X・ショートで予告 → 公開当日にスプリントの振り返りと一緒に告知
A28: ※制作チェックは 06_制作シート の「渾身の1本」列、振り返りは 07 の「渾身」行を使う。

Sheet 09_最終振り返り
A1: W12 最終振り返り：勢いを失わずに次の章へ
A2: 全振り返りを見直し、公開した動画を新鮮な目で見返す。量（スプリント）と質（渾身）の両極端を経験した今、今後のバランスを決める。
A3: 記入例入り版：灰色の斜体＝記入例です。自分の内容に上書きしてください（空欄版は別ファイル）
A5: 考えること | B5: あなたの答え
A6: 【数字】
A7: チャレンジ中の公開本数（自動） | B7: ='05_スプリント管理'!C4&"本（スプリント）＋渾身1本"
A8: 開始時→終了時の登録者数 | B8: 300人 → 1,250人
A9: 最も伸びた動画とその理由 | B9: 渾身の1本（25,000回）。比較の軸と実体験のストーリーがかみ合った
A10: 【量 vs 質】
A11: スプリント（量を極限まで）でどう感じた？何ができた？ | B11: 考えすぎずに出せた。週2本でも回る段取りがわかった。ただ3本目以降は疲れて質が落ちた
A12: 渾身の1本（質を極限まで）でどう感じた？何ができた？ | B12: 時間をかけた分、自分でも誇れる1本になった。検索とおすすめの両方から流入があった
A13: 今後のバランスはどうしたい？ | B13: 普段は週1本（量）＋2ヶ月に1本の渾身回（質）
A14: 【今後の方針】
A15: 今後の投稿スケジュール（元に戻す／変更する） | B15: 週1本に戻す。ただし土曜まとめ撮りの型はそのまま使う
A16: 確定した動画レシピ（黄金律） | B16: 比較・検証の軸 × 実体験 × 結果を先に見せる冒頭
A17: 自分のクリエイティブな表現で明確になったこと | B17: 「効率的だけど温かい」雰囲気が自分らしい
A18: 視聴者とのつながりで変わったこと | B18: コメントで次の企画リクエストが来るようになった
A19: 次の90日でやること | B19: 次の90日は渾身回を2本に増やし、登録者3,000人を目指す
