Workbook

Sheet 使い方
B1: 12月特別勉強会 LINE配信 入力シート
B3: ■ このシートの使い方
B4: 0. 「準備Todo」シートで、いつまでに何を準備するかを確認・管理する（締切を過ぎた未完了は赤くなります）
B5: 1. 「基本情報」シートを埋める（1回だけ。全メッセージ共通の情報）
B6: 2. 「特典」「受講生事例」「素材リスト」シートを、決まっている分だけ埋める
B7: 3. 「配信スケジュール」シートで、作りたい配信の行の黄色セルを埋め、ステータスを「記入済」にする
B8: 4. このファイルをClaudeに送り「記入済の行のLINE文を作って」と伝える → 型に沿った本文が返ってきます
B10: ■ セルの色
B11: 黄色 ＝ あなたが記入するセル
B12: 青 ＝ 構成案で決めた内容（変更してOK）
B13: グレー ＝ 記入例（消さずに残しておいてOK。Claudeは読み飛ばします）
B15: ■ 書き方のコツ
... B21: ■ 進み具合
B22: ="未記入："&COUNTIF(配信スケジュール!$P$3:$P$59,"未記入")&" 通" -> 未記入：47 通
B23: ="記入済："&COUNTIF(配信スケジュール!$P$3:$P$59,"記入済")&" 通" -> 記入済：0 通
B24: ="作成済："&COUNTIF(配信スケジュール!$P$3:$P$59,"作成済")&" 通" -> 作成済：0 通
B25: ="配信済："&COUNTIF(配信スケジュール!$P$3:$P$59,"配信済")&" 通" -> 配信済：0 通
B26: ="準備Todo 完了："&COUNTIF(準備Todo!$J$2:$J$38,"完了")&" / "&COUNTA(準備Todo!$D$2:$D$38)&" 件" -> 準備Todo 完了：0 / 37 件

Sheet 配信スケジュール
A1: No | B1: フェーズ | C1: 日付 | D1: 曜日 | E1: 時刻 | F1: 配信対象 | G1: 型 | H1: 見出し案 | I1: このメッセージで伝えたいこと（メモでOK） | J1: 入れたい数字（実数） | K1: 添付素材ID | L1: 使う事例ID | M1: CTA（ボタン・リンク） | N1: 文字量 | O1: 備考・NG | P1: ステータス
A2: 例 | B2: ①期待づくり | C2: 46356 | D2: =CHOOSE(WEEKDAY(C2),"日","月","火","水","木","金","土") -> 月 | E2: 20:00 | F2: 全員 | G2: 予告・反応取り | H2: 【過去最大級！】年末特別企画を準備中… | I2: ・今年も受講生のスコアが変わる瞬間に立ち会えたお礼 ・年末に特別な企画を準備中（中身はまだ秘密） ・詳細は12/2(水)20時 ・スタンプを送ってほしい | J2: 今年の受講生○名 | M2: スタンプを1つ送って | N2: 中 | O2: 「絶対」は使わない | P2: 記入例
A3: 1 | B3: ①期待づくり | C3: 46356 | D3: =CHOOSE(WEEKDAY(C3),"日","月","火","水","木","金","土") -> 月 | E3: 20:00 | F3: 全員 | G3: 予告・反応取り | H3: 【過去最大級！】年末特別企画を準備中… | P3: 未記入
A4: 2 | B4: ①期待づくり | C4: 46357 | D4: =CHOOSE(WEEKDAY(C4),"日","月","火","水","木","金","土") -> 火 | E4: 20:00 | F4: 全員 | G4: 社会的証明 | H4: 想像を超えるスタンプが…！明日20時解禁 | P4: 未記入
A5: 3 | B5: ①期待づくり | C5: 46358 | D5: =CHOOSE(WEEKDAY(C5),"日","月","火","水","木","金","土") -> 水 | E5: 08:00 | F5: 全員 | G5: リマインド | H5: 本日20時、情報解禁します | P5: 未記入
A6: 4 | B6: ①期待づくり | C6: 46358 | D6: =CHOOSE(WEEKDAY(C6),"日","月","火","水","木","金","土") -> 水 | E6: 20:00 | F6: 全員 | G6: 正式告知 | H6: 【ただいま解禁】年末特別勉強会の詳細 | P6: 未記入
A7: 5 | B7: ①期待づくり | C7: 46359 | D7: =CHOOSE(WEEKDAY(C7),"日","月","火","水","木","金","土") -> 木 | E7: 20:00 | F7: 全員 | G7: 中身の予告 | H7: 勉強会ではどんなことが学べるの？ | P7: 未記入
A8: 6 | B8: ①期待づくり | C8: 46360 | D8: =CHOOSE(WEEKDAY(C8),"日","月","火","水","木","金","土") -> 金 | E8: 20:00 | F8: 全員 | G8: 特典告知 | H8: 【参加者限定】○大特典、初公開 | P8: 未記入
A9: 7 | B9: ①期待づくり | C9: 46361 | D9: =CHOOSE(WEEKDAY(C9),"日","月","火","水","木","金","土") -> 土 | E9: 20:00 | F9: 全員 | G9: 特典告知 | H9: 【まさかの追加特典】先行予約限定6大特典 | P9: 未記入
A10: 8 | B10: ①期待づくり | C10: 46362 | D10: =CHOOSE(WEEKDAY(C10),"日","月","火","水","木","金","土") -> 日 | E10: 20:00 | F10: 全員 | G10: 価値提供 | H10: 【本日解禁】IELTS 0→6.5 ロードマップ | P10: 未記入
A11: 9 | B11: ①期待づくり | C11: 46363 | D11: =CHOOSE(WEEKDAY(C11),"日","月","火","水","木","金","土") -> 月 | E11: 20:00 | F11: 全員 | G11: 価値提供 | H11: 【2日後、先行予約スタート】社会人からでも7.0は取れる | P11: 未記入
A12: 10 | B12: ①期待づくり | C12: 46364 | D12: =CHOOSE(WEEKDAY(C12),"日","月","火","水","木","金","土") -> 火 | E12: 20:00 | F12: 全員 | G12: 事例・対談 | H12: 【受講生の逆転劇】対談動画① | P12: 未記入
A13: 11 | B13: ②先行予約 | C13: 46365 | D13: =CHOOSE(WEEKDAY(C13),"日","月","火","水","木","金","土") -> 水 | E13: 08:00 | F13: 全員 | G13: リマインド | H13: 本日20時から先行予約受付開始 | P13: 未記入
A14: 12 | B14: ②先行予約 | C14: 46365 | D14: =CHOOSE(WEEKDAY(C14),"日","月","火","水","木","金","土") -> 水 | E14: 19:00 | F14: 全員 | G14: リマインド | H14: 【あと1時間】先行予約、開始します | P14: 未記入
... A49: 47 | B49: ⑤開催後 | C49: 46384 | D49: =CHOOSE(WEEKDAY(C49),"日","月","火","水","木","金","土") -> 月 | E49: 20:00 | F49: 全員 | G49: 感情訴求 | H49: 2027年、IELTSで人生を動かしましょう | P49: 未記入
A50: 48 | D50: =IF(C50="","",CHOOSE(WEEKDAY(C50),"日","月","火","水","木","金","土"))
A51: 49 | D51: =IF(C51="","",CHOOSE(WEEKDAY(C51),"日","月","火","水","木","金","土"))
A52: 50 | D52: =IF(C52="","",CHOOSE(WEEKDAY(C52),"日","月","火","水","木","金","土"))
A53: 51 | D53: =IF(C53="","",CHOOSE(WEEKDAY(C53),"日","月","火","水","木","金","土"))
A54: 52 | D54: =IF(C54="","",CHOOSE(WEEKDAY(C54),"日","月","火","水","木","金","土"))
A55: 53 | D55: =IF(C55="","",CHOOSE(WEEKDAY(C55),"日","月","火","水","木","金","土"))
A56: 54 | D56: =IF(C56="","",CHOOSE(WEEKDAY(C56),"日","月","火","水","木","金","土"))
A57: 55 | D57: =IF(C57="","",CHOOSE(WEEKDAY(C57),"日","月","火","水","木","金","土"))
A58: 56 | D58: =IF(C58="","",CHOOSE(WEEKDAY(C58),"日","月","火","水","木","金","土"))
A59: 57 | D59: =IF(C59="","",CHOOSE(WEEKDAY(C59),"日","月","火","水","木","金","土"))

Sheet 準備Todo
A1: No | B1: 週（月曜） | C1: カテゴリ | D1: やること | E1: 何に使う（配信・場面） | F1: 初回使用日 | G1: 締切 | H1: 必要なもの・メモ | I1: 作業予定日 | J1: ステータス | K1: 完了日 | L1: 残り日数
A2: 1 | B2: =G2-WEEKDAY(G2,3) -> 46321 | C2: 方針決め | D2: 勉強会のあとの流れを決める（講座の内容・期間・価格、個別相談の枠数） | E2: 全配信のゴール／12/22以降の個別相談案内 | F2: 46356 | G2: 46325 | H2: これが決まると配信全体の言葉選びが決まる | J2: 未着手 | L2: =IF(J2="完了","",G2-TODAY()) -> 8
A3: 2 | B3: =G3-WEEKDAY(G3,3) -> 46321 | C3: 方針決め | D3: 勉強会タイトルを確定する | E3: 12/2 正式告知／LP | F3: 46358 | G3: 46325 | H3: 基本情報シートに記入 | J3: 未着手 | L3: =IF(J3="完了","",G3-TODAY()) -> 8
A4: 3 | B4: =G4-WEEKDAY(G4,3) -> 46321 | C4: 方針決め | D4: 開始時刻・所要時間・各回の定員を決める | E4: 12/2 正式告知／申込ボタン | F4: 46358 | G4: 46325 | H4: 仮：両日21:00〜 | J4: 未着手 | L4: =IF(J4="完了","",G4-TODAY()) -> 8
A5: 4 | B5: =G5-WEEKDAY(G5,3) -> 46321 | C5: 方針決め | D5: 当日学べること6つを確定する | E5: 12/3 中身の予告／LP | F5: 46359 | G5: 46327 | H5: 勉強会スライドの骨子にもなる | J5: 未着手 | L5: =IF(J5="完了","",G5-TODAY()) -> 10
A6: 5 | B6: =G6-WEEKDAY(G6,3) -> 46321 | C6: 方針決め | D6: 自己紹介ストーリー（短文）を書く | E6: 11/30 予告／先行特典① | F6: 46356 | G6: 46327 | H6: 基本情報シートに記入 | J6: 未着手 | L6: =IF(J6="完了","",G6-TODAY()) -> 10
A7: 6 | B7: =G7-WEEKDAY(G7,3) -> 46321 | C7: 方針決め | D7: 実績の数字を集める（指導人数・スコアの伸びなど実数のみ） | E7: 11/30 予告／12/9 募集開始 | F7: 46356 | G7: 46327 | H7: 受講生への確認が必要なものは早めに | J7: 未着手 | L7: =IF(J7="完了","",G7-TODAY()) -> 10
A8: 7 | B8: =G8-WEEKDAY(G8,3) -> 46321 | C8: 方針決め | D8: 「基本情報」シートを全部埋める | E8: 全配信文の作成 | F8: 46356 | G8: 46327 | J8: 未着手 | L8: =IF(J8="完了","",G8-TODAY()) -> 10
A9: 8 | B9: =G9-WEEKDAY(G9,3) -> 46328 | C9: 特典・導線 | D9: 体験券の先着人数と内容を決める | E9: 12/4 特典初公開 | F9: 46360 | G9: 46330 | H9: 特典シートNo.29の「○名」を更新 | J9: 未着手 | L9: =IF(J9="完了","",G9-TODAY()) -> 13
A10: 9 | B10: =G10-WEEKDAY(G10,3) -> 46328 | C10: 特典・導線 | D10: コミュニティの形を決める（無料/有料・場所） | E10: 12/4 特典初公開 | F10: 46360 | G10: 46330 | H10: 特典シートNo.30を更新 | J10: 未着手 | L10: =IF(J10="完了","",G10-TODAY()) -> 13
A11: 10 | B11: =G11-WEEKDAY(G11,3) -> 46328 | C11: 特典・導線 | D11: 特典の渡し方と時期を決める（LINEで一括/ダウンロードページ） | E11: 勉強会当日〜12/22 | F11: 46375 | G11: 46332 | J11: 未着手 | L11: =IF(J11="完了","",G11-TODAY()) -> 15
A12: 11 | B12: =G12-WEEKDAY(G12,3) -> 46328 | C12: 特典・導線 | D12: 30大特典のタイトルを最終確定する | E12: 12/4 特典初公開 | F12: 46360 | G12: 46332 | H12: 特典シート | J12: 未着手 | L12: =IF(J12="完了","",G12-TODAY()) -> 15
A13: 12 | B13: =G13-WEEKDAY(G13,3) -> 46328 | C13: 特典・導線 | D13: 先行予約特典6本の話す内容をメモする | E13: 12/11〜 先行特典配信 | F13: 46367 | G13: 46334 | H13: 特典シートの（仮）を更新 | J13: 未着手 | L13: =IF(J13="完了","",G13-TODAY()) -> 17
A14: 13 | B14: =G14-WEEKDAY(G14,3) -> 46328 | C14: 素材 | D14: 受講生に対談・掲載を依頼し、許可を取る（2〜3名） | E14: 12/8・12/12 対談動画／12/17 受講生の声 | F14: 46364 | G14: 46334 | H14: 受講生事例シートに記入 | J14: 未着手 | L14: =IF(J14="完了","",G14-TODAY()) -> 17
A15: 14 | B15: =G15-WEEKDAY(G15,3) -> 46335 | C15: 素材 | D15: 30大特典のサムネイル（デザイン統一）を作る | E15: 12/4 特典初公開／12/20 チラ見せ | F15: 46360 | G15: 46339 | H15: Canvaでテンプレを1つ作って使い回す | J15: 未着手 | L15: =IF(J15="完了","",G15-TODAY()) -> 22
A16: 15 | B16: =G16-WEEKDAY(G16,3) -> 46335 | C16: 素材 | D16: 30大特典の一覧画像を作る | E16: 12/4 特典初公開／12/20 チラ見せ | F16: 46360 | G16: 46341 | H16: 素材リストに登録 | J16: 未着手 | L16: =IF(J16="完了","",G16-TODAY()) -> 24
A17: 16 | B17: =G17-WEEKDAY(G17,3) -> 46335 | C17: 素材 | D17: 価値提供動画①「IELTS 0→6.5 ロードマップ」を撮る（既存動画の流用も可） | E17: 12/6 価値提供 | F17: 46362 | G17: 46341 | H17: 素材リストに登録 | J17: 未着手 | L17: =IF(J17="完了","",G17-TODAY()) -> 24
A18: 17 | B18: =G18-WEEKDAY(G18,3) -> 46335 | C18: 素材 | D18: 対談動画①を撮る | E18: 12/8 受講生の逆転劇 | F18: 46364 | G18: 46341 | J18: 未着手 | L18: =IF(J18="完了","",G18-TODAY()) -> 24
A19: 18 | B19: =G19-WEEKDAY(G19,3) -> 46335 | C19: 素材 | D19: 勉強会の詳細LPを作る | E19: 12/9 募集開始 | F19: 46365 | G19: 46341 | J19: 未着手 | L19: =IF(J19="完了","",G19-TODAY()) -> 24
A20: 19 | B20: =G20-WEEKDAY(G20,3) -> 46342 | C20: 素材 | D20: 対談動画②（Speaking）を撮る | E20: 12/12 事例 | F20: 46368 | G20: 46346 | J20: 未着手 | L20: =IF(J20="完了","",G20-TODAY()) -> 29
A21: 20 | B21: =G21-WEEKDAY(G21,3) -> 46342 | C21: 素材 | D21: 限定音声（12/2 正式告知のP.S.用）を録る | E21: 12/2 正式告知 | F21: 46358 | G21: 46348 | J21: 未着手 | L21: =IF(J21="完了","",G21-TODAY()) -> 31
A22: 21 | B22: =G22-WEEKDAY(G22,3) -> 46342 | C22: 素材 | D22: Speakingクイズ動画「10秒で答えられますか？」を撮る | E22: 12/13 参加型 | F22: 46369 | G22: 46348 | J22: 未着手 | L22: =IF(J22="完了","",G22-TODAY()) -> 31
A23: 22 | B23: =G23-WEEKDAY(G23,3) -> 46342 | C23: 素材 | D23: Writing動画（Task 2で点が伸びない原因など）を撮る | E23: 12/16 価値提供 | F23: 46372 | G23: 46348 | H23: 答え・例文は渡さない方針で | J23: 未着手 | L23: =IF(J23="完了","",G23-TODAY()) -> 31
A24: 23 | B24: =G24-WEEKDAY(G24,3) -> 46342 | C24: 素材 | D24: 受講生の声（画像）とショート動画2本を集める | E24: 12/11 受講生の声／12/17 募集明日まで | F24: 46367 | G24: 46348 | J24: 未着手 | L24: =IF(J24="完了","",G24-TODAY()) -> 31
A25: 24 | B25: =G25-WEEKDAY(G25,3) -> 46342 | C25: 素材 | D25: 先行特典①〜③の音声を録る | E25: 12/11〜 先行特典配信 | F25: 46367 | G25: 46348 | J25: 未着手 | L25: =IF(J25="完了","",G25-TODAY()) -> 31
A26: 25 | B26: =G26-WEEKDAY(G26,3) -> 46349 | C26: 設定 | D26: Lステップのタグを作る（申込済/未申込/先行特典受取/参加済 など） | E26: セグメント配信全般 | F26: 46365 | G26: 46351 | J26: 未着手 | L26: =IF(J26="完了","",G26-TODAY()) -> 34
A27: 26 | B27: =G27-WEEKDAY(G27,3) -> 46349 | C27: 素材 | D27: 先行特典④〜⑥の音声を録る | E27: 12/15 まとめて公開 | F27: 46371 | G27: 46353 | J27: 未着手 | L27: =IF(J27="完了","",G27-TODAY()) -> 36
A28: 27 | B28: =G28-WEEKDAY(G28,3) -> 46349 | C28: 設定 | D28: 日程選択ボタン・日程変更ボタン・申込完了メッセージを作る | E28: 12/9 募集開始 | F28: 46365 | G28: 46353 | J28: 未着手 | L28: =IF(J28="完了","",G28-TODAY()) -> 36
A29: 28 | B29: =G29-WEEKDAY(G29,3) -> 46349 | C29: 設定 | D29: Zoomミーティングを2回分発行する | E29: 12/19・12/21 開催案内 | F29: 46375 | G29: 46353 | H29: 基本情報シートにリンクを記入 | J29: 未着手 | L29: =IF(J29="完了","",G29-TODAY()) -> 36
A30: 29 | B30: =G30-WEEKDAY(G30,3) -> 46349 | C30: 設定 | D30: オープンチャットを作る（作る場合） | E30: 申込完了メッセージ | F30: 46365 | G30: 46353 | J30: 未着手 | L30: =IF(J30="完了","",G30-TODAY()) -> 36
A31: 30 | B31: =G31-WEEKDAY(G31,3) -> 46349 | C31: 配信準備 | D31: 配信スケジュールのPhase 1（11/30〜12/8）を記入し、Claudeに文面を作ってもらう | E31: 11/30〜12/8 の配信 | F31: 46356 | G31: 46353 | H31: ステータスを「記入済」に | J31: 未着手 | L31: =IF(J31="完了","",G31-TODAY()) -> 36
A32: 31 | B32: =G32-WEEKDAY(G32,3) -> 46349 | C32: 配信準備 | D32: Phase 1の配信を予約し、自分宛てにテスト配信する（リンク確認） | E32: 11/30 初回配信 | F32: 46356 | G32: 46355 | J32: 未着手 | L32: =IF(J32="完了","",G32-TODAY()) -> 38
A33: 32 | B33: =G33-WEEKDAY(G33,3) -> 46356 | C33: 12月前半 | D33: Phase 2〜3（12/9〜12/18）の文面作成・配信予約 | E33: 12/9〜12/18 の配信 | F33: 46365 | G33: 46362 | J33: 未着手 | L33: =IF(J33="完了","",G33-TODAY()) -> 45
A34: 33 | B34: =G34-WEEKDAY(G34,3) -> 46363 | C34: 12月前半 | D34: 「4技能 現在地診断シート」を先に完成させる（当日ワーク用） | E34: 12/19 勉強会当日 | F34: 46375 | G34: 46368 | J34: 未着手 | L34: =IF(J34="完了","",G34-TODAY()) -> 51
A35: 34 | B35: =G35-WEEKDAY(G35,3) -> 46370 | C35: 12月前半 | D35: 30大特典の中身を完成させる | E35: 勉強会のあと配布 | F35: 46375 | G35: 46372 | J35: 未着手 | L35: =IF(J35="完了","",G35-TODAY()) -> 55
A36: 35 | B36: =G36-WEEKDAY(G36,3) -> 46370 | C36: 12月前半 | D36: 個別相談の予約枠・申込フォームを準備する | E36: 12/19以降の個別相談案内 | F36: 46375 | G36: 46372 | J36: 未着手 | L36: =IF(J36="完了","",G36-TODAY()) -> 55
A37: 36 | B37: =G37-WEEKDAY(G37,3) -> 46370 | C37: 12月前半 | D37: Phase 4〜5（12/19〜）の文面作成・配信予約 | E37: 12/19〜の配信 | F37: 46375 | G37: 46372 | J37: 未着手 | L37: =IF(J37="完了","",G37-TODAY()) -> 55
A38: 37 | B38: =G38-WEEKDAY(G38,3) -> 46370 | C38: 12月前半 | D38: 勉強会スライドの完成・リハーサル | E38: 12/19 勉強会当日 | F38: 46375 | G38: 46373 | H38: 11月中に骨子だけ作っておくと楽 | J38: 未着手 | L38: =IF(J38="完了","",G38-TODAY()) -> 56

Sheet 型の説明
A1: 型 | B1: 目的 | C1: 構成（上から順に） | D1: 参考アカウントの例
A2: 予告・反応取り | B2: 企画があることを知らせ、スタンプで反応をもらう | C2: 【見出し】→感謝・自己紹介一言→こんな方へ✅×3→解禁日時→「スタンプを1つ送って」 | D2: 11/30 過去最大級の特別企画準備中
A3: 社会的証明 | B3: 反響の大きさ・申込人数で「みんな動いている」を伝える | C3: 【見出し】→反響への驚き・お礼→実数（○名突破など）→だから○○します→次の予告/CTA | D3: 1日で100名突破
A4: 正式告知 | B4: 勉強会の名前・日程・先行予約開始日を発表 | C4: 【ただいま解禁】→タイトル枠（◤◥）→日程→先行予約日→想い→P.S.限定音声 | D4: 秋の感謝記念プレミアム企画 解禁
A5: 中身の予告 | B5: 当日学べることを箇条書きで見せる | C5: 【見出し】→「少しだけお見せします」→✔学べること×6→得られる未来→先行予約日 | D5: 勉強会ではどんなことが学べるの？
A6: 特典告知 | B6: 参加特典・先行予約特典を公開し、申込理由をつくる | C6: 【見出し】→サプライズ演出→特典リスト（①〜）→受け取り条件→開始日時・アラーム依頼 | D6: 先行申込限定6大特典
A7: 価値提供 | B7: ノウハウ動画で信頼をつくり、勉強会へつなげる | C7: 【本日解禁】→読者の悩み「」×2→動画で分かること・→リンク→「勉強会ではさらに深掘り」 | D7: TOEIC 0→600ロードマップ
A8: 事例・対談 | B8: 受講生のBefore→Afterで「自分にもできる」と思ってもらう | C8: 【見出し】→Beforeの悩み「」→人物紹介→◤After◥→なぜ変われた？→名前差し込み→動画リンク→P.S. | D8: 3ヶ月でVERSANT50点突破
A9: リマインド | B9: 開始・締切の時刻を知らせる（12h前/1h前/10分前/開催中） | C9: 【あと○時間】→何が始まるか→席・特典が限られる→アラーム/リンク | D9: あと1時間 先行予約開始します
A10: オープン | B10: 申込受付を開始し、ボタンで申込してもらう | C10: 【先着特典あり】募集開始→悩み「」→解決できること→特典一覧→先着→詳細LP→申込ボタン | D10: 募集開始しました！！！
A11: 締切 | B11: 締切を明確にし、今すぐの申込を促す | C11: 【重要🚨/残り○時間】→何が終わるか→受取済人数→今を逃すと…→CTA | D11: 先行特典は本日23:59で完全終了
A12: 参加型・気づき | B12: クイズ等で自分ごと化し、感想を送ってもらう | C12: 【緊急】→質問を投げる→詰まったら理由がある→答えは動画で→感想を送って | D12: この質問に答えられますか？
... A17: 完走報告 | B17: 全日程終了のお礼と想い、個別相談へ | C17: 【完走しました】→参加人数→参加者の姿→想い→個別相談で仲間になった方も→締めの一言 | D17: 全日程、完走しました

Sheet 基本情報
A1: 区分 | B1: 項目 | C1: 記入欄 | D1: 記入例 | E1: 説明
A2: 発信者 | B2: アカウント名 | D2: IELTSゆうこ＠公式 | E2: LINEの表示名
A3: 発信者 | B3: 一人称・呼び方 | D3: 私／○○さん（名前差し込み） | E3: 文中での一人称、読者の呼び方
A4: 発信者 | B4: 自己紹介ストーリー（短く） | D4: 英語が苦手だった私が社会人からIELTS 7.0を取り、イギリス大学院へ | E4: 冒頭や事例で繰り返し使う「原体験」
A5: 発信者 | B5: これまでの指導実績 | D5: 指導○○名以上、○点アップ平均など | E5: 実数のみ
A6: 発信者 | B6: 口調・絵文字の量 | D6: 親しみやすく丁寧／絵文字は1行に1つまで | E6: 参考アカウントは絵文字多め・短い改行
A7: 勉強会 | B7: 勉強会タイトル | D7: 2027年、IELTSで人生を動かす！ゆうこ式IELTS最短スコアアップ特別勉強会
A8: 勉強会 | B8: 日程① | C8: 12/19（土）21:00〜 | D8: 12/19（土）21:00〜
A9: 勉強会 | B9: 日程②（最終回） | C9: 12/21（月）21:00〜 | D9: 12/21（月）21:00〜
A10: 勉強会 | B10: 所要時間 | D10: 約120分
A11: 勉強会 | B11: 開催形式・参加費 | D11: Zoom／無料
A12: 勉強会 | B12: 録画・アーカイブ | D12: なし | E12: なしの場合「リアルタイム限定」を訴求に使えます
A13: 勉強会 | B13: 当日学べること（6つ程度） | D13: ・2027年にスコアを取り切る勝ち筋 ・5.5→6.5を3ヶ月で超える方法 ・Writing/Speakingを独学で伸ばす型 ・社会人が1日1時間で回す学習設計 ・出願から逆算した受験計画 ・スコアが伸びない3つの悪習慣 | E13: 12/3「中身の予告」で使用
A14: 勉強会 | B14: こんな方におすすめ | D14: ・5.5〜6.0で止まっている ・Writing/Speakingが伸びない ・大学院・留学の出願に間に合わせたい ・働きながら時間が取れない
A15: 勉強会 | B15: 定員（各回） | E15: 決まっていれば実数
A16: 勉強会 | B16: 勉強会後の流れ | D16: 個別相談（無料）→講座案内 | E16: 完走報告・開催後の配信で使用
A17: 日程 | B17: 先行予約開始 | C17: 12/9（水）20:00 | D17: 12/9（水）20:00
A18: 日程 | B18: 先行予約特典の締切 | C18: 12/15（火）23:59 | D18: 12/15（火）23:59
A19: 日程 | B19: 申込締切 | C19: 12/18（金）23:59 | D19: 12/18（金）23:59
A20: リンク | B20: 勉強会詳細LP | D20: https://
A21: リンク | B21: 申込ボタン（日程選択） | D21: Lステップのボタン名など
A22: リンク | B22: オープンチャット | D22: https://
A23: リンク | B23: 事前動画 | D23: https://
A24: リンク | B24: Zoomリンク①（12/19） | D24: https://
A25: リンク | B25: Zoomリンク②（12/21） | D25: https://
A26: 注意 | B26: 使わない表現・NGワード | D26: 「絶対」「誰でも必ず」など | E26: ブランド上使いたくない言葉
A27: 注意 | B27: その他メモ

Sheet 特典
A1: 種別 | B1: No | C1: 特典タイトル | D1: 中身（1〜2行） | E1: 形式 | F1: 配信日（先行特典のみ） | G1: 受取人数（実数）
A2: 例 | B2: 例 | C2: Writing Task 2 テンプレ集 | D2: 4タイプの設問に使える段落テンプレと例文 | E2: PDF
A3: 先行予約特典 | B3: 1 | C3: 私がIELTSで人生を変えた話 | D3: （仮）社会人からIELTSに挑戦し、人生が変わった自分のストーリー | E3: 音声 | F3: 12/10
A4: 先行予約特典 | B4: 2 | C4: 「2027年にスコアを取り切る」ために1番大切なこと | D4: （仮）2027年にスコアを取り切るために、まず決めるべき1つのこと | E4: 音声 | F4: 12/11
A5: 先行予約特典 | B5: 3 | C5: 多くの人がハマるIELTS 3大トラップ | D5: （仮）多くの人が気づかずにハマる3つの落とし穴と抜け出し方 | E5: 音声 | F5: 12/12
A6: 先行予約特典 | B6: 4 | C6: ○名以上を指導して分かったスコアアップの本当のカギ | D6: （仮）たくさんの受講生を見てきて分かった、伸びる人の共通点 | E6: 音声 | F6: 12/15
A7: 先行予約特典 | B7: 5 | C7: 「AI時代にIELTSは必要？」今こそ英語を学ぶ価値 | D7: （仮）AI時代でもIELTS・英語を学ぶ価値と、AIとの付き合い方 | E7: 音声 | F7: 12/15
A8: 先行予約特典 | B8: 6 | C8: いちばん伝えたいメッセージ | D8: （仮）勉強会の前に、いちばん伝えたい想い | E8: 音声 | F8: 12/15
A9: 参加特典 | B9: 1 | C9: IELTS 4技能 現在地診断シート | D9: （仮）【診断・分析】各技能の今のスコア・目標・得意/苦手を書き出し、どこから伸ばすかを1枚で見える化。勉強会当日のワークでも使用 | E9: シート | F9: —
A10: 参加特典 | B10: 2 | C10: スコアレポート分析シート | D10: （仮）【診断・分析】公式スコアレポートの数字から、どの技能・どの採点項目が足を引っ張っているかを読み解く記入式シート | E10: シート | F10: —
A11: 参加特典 | B11: 3 | C11: 今の勉強法チェックリスト | D11: （仮）【診断・分析】今の勉強が「スコアにつながる勉強」になっているかを20項目でセルフチェック | E11: PDF | F11: —
A12: 参加特典 | B12: 4 | C12: 停滞する人のパターン10 | D12: （仮）【診断・分析】5.5〜6.0で止まる人に共通する10の勉強パターンと、それぞれの抜け出し方 | E12: PDF | F12: —
A13: 参加特典 | B13: 5 | C13: 社会人が1日1時間をつくる 時間の棚卸しシート | D13: （仮）【診断・分析】1週間の時間の使い方を書き出し、勉強に回せるすき間時間を見つける | E13: シート | F13: —
A14: 参加特典 | B14: 6 | C14: 目標の言語化シート | D14: （仮）【診断・分析】「なぜIELTSか」「いつまでに何点か」「取れたら何をするか」を言葉にして、続ける理由をつくる | E14: シート | F14: —
... A38: 参加特典 | B38: 30 | C38: コミュニティ招待券 | D38: （仮）【継続・導線】一緒に学ぶ仲間とつながれるコミュニティへの招待（無料／有料・内容は要決定） | E38: 招待・体験 | F38: —
C40: 参加特典の数（自動） | D40: =COUNTIFS(A3:A38,"参加特典",C3:C38,"<>") -> 30

Sheet 受講生事例
A1: 事例ID | B1: 表示名 | C1: 属性（年代・職業など） | D1: Before（悩み・スコア） | E1: After（結果・スコア） | F1: 期間 | G1: 変われた理由・決め手 | H1: 印象的な一言 | I1: 素材ID（対談動画など） | J1: 掲載許可
A2: 例 | B2: Aさん | C2: 30代・会社員 | D2: 独学で2年、Overall 5.5止まり。Writingが5.0 | E2: 3ヶ月でOverall 6.5、Writing 6.5。イギリス大学院に合格 | F2: 3ヶ月 | G2: 毎週の添削で自分の癖が分かった | H2: もっと早く始めればよかった | I2: V01 | J2: 済
A3: C01
A4: C02
A5: C03
A6: C04
A7: C05
A8: C06
A9: C07
A10: C08

Sheet 素材リスト
A1: 素材ID | B1: 種類 | C1: タイトル | D1: 内容の要約（何を話しているか） | E1: 長さ | F1: URL | G1: 使う予定日
A2: 例 | B2: 動画 | C2: IELTS 0→6.5 ロードマップ | D2: 1ヶ月目は単語と文法、2ヶ月目に…。教材は○○ | E2: 12分 | F2: https:// | G2: 12/6
A3: M01
A4: M02
A5: M03
A6: M04
A7: M05
A8: M06
A9: M07
A10: M08
A11: M09
A12: M10
A13: M11
A14: M12
... A22: M20
